gu,adm_dong_nm,cluster,risk_type,gentrification_risk,xgb_pred_risk,xgb_risk_proba,risk_score,risk_score_display,risk_range,risk_grade,main_reason_1,main_reason_2,main_reason_3,main_reason_1_value,main_reason_2_value,main_reason_3_value,main_reason_1_shap,main_reason_2_shap,main_reason_3_shap,land_price_growth_final,transaction_growth_final,mkt_vital_balance,franchise_ratio_recent4_mean,franchise_ratio_change,bus_total_growth,new_corp_growth,external_inflow_log_recent,close_rate_recent_final,open_rate_recent_final
수정구,신흥2동,1,상업 급변형,1,1,0.9691,96.91,96.91,71~100점,관리대상,최근 개업률,프랜차이즈 변화율,최근 프랜차이즈 비율,1.5366,1.3166,6.8104,2.0675,0.6651,0.3899,0.0537558136144637,0.8666666666666668,-0.0007024116132053,6.8104073076580764,1.316647401715091,0.4053106008713902,0.5,13.87420702561506,1.1357227015070857,1.5365919113995756
수정구,시흥동,1,상업 급변형,1,1,0.9686,96.86,96.86,71~100점,관리대상,최근 개업률,프랜차이즈 변화율,최근 프랜차이즈 비율,1.7975,0.7813,8.405,1.9585,0.6005,0.408,0.0842737995377264,2.494736842105264,0.0012086052695189,8.404967237395944,0.7812636075278716,0.5309869757631716,0.0714285714285714,14.359673957464162,1.176892949355921,1.797497092610519
수정구,고등동,2,인구-과밀 불안정형,1,1,0.9612,96.12,96.12,71~100점,관리대상,최근 개업률,최근 프랜차이즈 비율,최근 외부유입 규모,1.6779,6.6723,13.6829,2.1446,0.3771,0.2232,0.0370481351628961,-0.5686274509803921,0.0047846889952153,6.672291804128761,-1.8761827150140211,0.6013200394709971,-0.0285714285714285,13.682919854181817,0.9994476425202596,1.6778899879372378
분당구,운중동,2,인구-과밀 불안정형,1,1,0.9499,94.99,94.99,71~100점,관리대상,최근 개업률,최근 프랜차이즈 비율,최근 외부유입 규모,1.4817,6.5127,14.4189,2.1294,0.3846,0.3171,0.0635049299984372,0.6403508771929824,0.0014212957479568,6.512738464605115,-0.6304181656829231,0.46816710764322,0.5609756097560976,14.418878695988347,0.9835632615415,1.4817499369934095
분당구,정자1동,1,상업 급변형,1,1,0.9415,94.15,94.15,71~100점,관리대상,최근 개업률,프랜차이즈 변화율,최근 프랜차이즈 비율,1.2658,3.9014,9.8052,1.1067,0.7242,0.4736,0.0580110242398622,0.094017094017094,0.0039982864486648,9.805159506759152,3.901439717994821,0.4054506101768736,-0.1470588235294117,14.77107149695914,0.8088466030819695,1.2658339015116336
수정구,위례동,2,인구-과밀 불안정형,1,1,0.937,93.7,93.70,71~100점,관리대상,최근 개업률,최근 프랜차이즈 비율,최근 외부유입 규모,1.7298,6.4806,14.9515,2.0794,0.3662,0.3079,0.0718736803919578,0.6047904191616766,0.0034105187578531,6.480637446922345,-1.9869669602443567,,-0.2359550561797752,14.951489387543347,1.3758204743127849,1.729753959760397
중원구,금광1동,2,인구-과밀 불안정형,1,1,0.9248,92.48,92.48,71~100점,관리대상,최근 개업률,최근 프랜차이즈 비율,상권 활력 균형,1.7361,6.0756,0.0014,2.1861,0.3652,0.1183,0.032750050994709,0.2777777777777778,0.0013842746400885,6.075592662370838,-0.3415515939133948,0.660753687908901,-0.8888888888888888,13.30383437257329,1.276019266634806,1.736118025771138
중원구,금광2동,2,인구-과밀 불안정형,1,1,0.9236,92.36,92.36,71~100점,관리대상,최근 개업률,최근 외부유입 규모,최근 폐업률,1.382,13.7166,1.1648,2.2737,0.2223,0.1043,0.032750050994709,0.2777777777777778,-0.0010184595798854,5.315923115322949,-0.633704050959528,0.0374106363823617,0.0,13.716616553173942,1.164815649351003,1.3820066043627697
중원구,중앙동,1,상업 급변형,1,1,0.9155,91.55,91.55,71~100점,관리대상,최근 개업률,프랜차이즈 변화율,버스 승하차 증가율,1.361,1.7332,0.4505,2.0834,0.6807,0.1721,0.0540795246967943,0.8461538461538461,0.0014484356894553,5.183398344698233,1.7332356092732426,0.4505111128071723,-0.7142857142857143,12.925626109751036,1.0779762007425857,1.3610139298802997
중원구,성남동,2,인구-과밀 불안정형,1,1,0.8855,88.55,88.55,71~100점,관리대상,최근 개업률,최근 외부유입 규모,부동산 거래량 증가율,1.5116,14.4755,-0.2091,2.1141,0.3133,0.1762,0.0401456995291555,-0.209090909090909,0.0038100967564044,4.014526526416727,-0.5078974707315149,0.2448025308840659,0.0181818181818181,14.47551053372285,1.2580716396670917,1.5116328867212574
분당구,야탑1동,2,인구-과밀 불안정형,1,1,0.88,88.0,88.00,71~100점,관리대상,최근 개업률,최근 프랜차이즈 비율,최근 외부유입 규모,1.2392,6.2349,14.5607,1.0909,0.3777,0.35,0.0599622458041999,-0.3382352941176471,0.0012493167798859,6.234882538700154,-0.2074708728468879,0.253903967465688,-0.1428571428571428,14.560652600255851,0.955737992202014,1.2392496978098713
분당구,백현동,2,인구-과밀 불안정형,1,1,0.8713,87.13,87.13,71~100점,관리대상,최근 개업률,최근 프랜차이즈 비율,최근 외부유입 규모,1.3606,16.3006,14.5077,1.2064,0.4683,0.3534,0.0874548777971823,2.971428571428572,0.0049492544793885,16.30062236503734,-1.215206877276536,0.3011105709560152,-0.1492537313432835,14.507660385082591,0.5538021734011336,1.360577439090247
수정구,산성동,1,상업 급변형,1,1,0.7242,72.42,72.42,71~100점,관리대상,프랜차이즈 변화율,최근 프랜차이즈 비율,부동산 거래량 증가율,1.5195,7.8973,-0.9706,0.8951,0.4337,0.3107,0.0700398793462596,-0.9705882352941176,-0.0039714058776806,7.897273767921419,1.5194675975123833,0.2877998163978082,,12.155148454068392,0.6486341336486694,1.0926438490378216
분당구,서현1동,1,상업 급변형,1,1,0.4822,48.22,48.22,31~50점,주의,최근 프랜차이즈 비율,부동산 거래량 증가율,최근 외부유입 규모,11.8869,-0.3719,14.9821,0.4143,0.2745,0.2688,0.0703338720777688,-0.371900826446281,0.0041450375765088,11.886906699856423,0.6983381646982405,0.5093069571620543,0.1056910569105691,14.98208720771706,0.7681051732474671,1.2185370179264987
분당구,판교동,2,인구-과밀 불안정형,1,1,0.3233,32.33,32.33,31~50점,주의,최근 프랜차이즈 비율,버스 승하차 증가율,최근 외부유입 규모,6.1995,0.4571,13.7157,0.3424,0.1881,0.1307,0.0801699779611017,1.5581395348837217,0.0007964954201513,6.199471702207706,-1.5579603770389303,0.4571110793657272,0.3333333333333333,13.71572394587032,0.8616754894641839,1.2328940975214462
중원구,상대원1동,3,활력 정체형,0,0,0.2771,27.71,27.71,0~30점,관찰,프랜차이즈 변화율,최근 외부유입 규모,버스 승하차 증가율,1.1027,14.2093,0.2967,0.7728,0.1738,0.165,0.0374198964456257,1.585365853658537,0.0044878563885955,5.673277126243988,1.102725641938937,0.2967481720233913,-0.2125984251968504,14.20934233889181,0.702537997189802,0.9710966993574586
수정구,단대동,3,활력 정체형,0,0,0.2698,26.98,26.98,0~30점,관찰,최근 개업률,버스 승하차 증가율,해당 없음,1.3499,0.2262,,1.0231,0.0529,,0.0557268400684799,,-0.0035783994795055,3.93505318807472,-0.1118404970208413,0.226244987422542,0.0,12.913657727422924,1.4171731879670464,1.349894204448653
수정구,태평3동,0,종합 성장형,0,0,0.2224,22.24,22.24,0~30점,관찰,최근 개업률,상권 활력 균형,해당 없음,1.3243,0.0025,,0.8195,0.0605,,0.0468774191123528,0.4838709677419355,0.0024746349913387,4.417035384528625,0.0669719207150585,1.60672464004236,-0.25,12.826827450689104,1.2967745351701048,1.3243252697643382
수정구,복정동,3,활력 정체형,0,0,0.175,17.5,17.50,0~30점,관찰,최근 프랜차이즈 비율,최근 외부유입 규모,최근 폐업률,6.1509,14.0202,1.1613,0.3334,0.2967,0.0456,0.0672877662316843,2.3846153846153846,-0.0024808765763903,6.150947973107171,-0.1208954705427265,0.2090633762639443,0.217391304347826,14.02015113007372,1.1612875878986917,1.1799880884585658
분당구,구미동,0,종합 성장형,0,0,0.1536,15.36,15.36,0~30점,관찰,최근 프랜차이즈 비율,부동산 거래량 증가율,최근 외부유입 규모,7.58,-0.3165,14.7626,0.3822,0.2835,0.2545,0.057305893883778,-0.316546762589928,-0.0016707507239919,7.579956146961519,0.0805010620852444,1.1607031906525378,0.3461538461538461,14.76264891943751,0.9708297141401512,1.1302319578419653
분당구,수내3동,0,종합 성장형,0,0,0.1368,13.68,13.68,0~30점,관찰,최근 프랜차이즈 비율,상권 활력 균형,해당 없음,7.0373,0.0023,,0.3595,0.0013,,0.0619897792943468,-0.0404040404040403,0.0022509848058525,7.037317139438093,-0.1325776907971345,0.9119645508602384,0.0,12.912456502227936,0.8484356114043218,1.2279792399453475
중원구,도촌동,3,활력 정체형,0,0,0.1289,12.89,12.89,0~30점,관찰,부동산 거래량 증가율,최근 외부유입 규모,버스 승하차 증가율,-0.3671,13.8142,0.0842,0.3222,0.1154,0.0435,0.043516054728407,-0.3670886075949367,-0.0003844675124951,5.692975591485292,-0.3638680198394386,0.0841525783692526,-0.1071428571428571,13.814172946260484,0.8124253234640995,1.0306481675732213
분당구,삼평동,0,종합 성장형,0,0,0.1281,12.81,12.81,0~30점,관찰,최근 프랜차이즈 비율,최근 외부유입 규모,공시지가 상승률,8.3802,15.427,0.0769,0.3834,0.2393,0.1346,0.0769401080756529,-0.1184210526315789,0.0003925673907354,8.380154464733135,-0.3709065399597104,1.4104975212933122,-0.3244444444444444,15.427026823126305,0.9776288335680696,1.1531330417238286
분당구,수내1동,2,인구-과밀 불안정형,1,0,0.1154,11.54,11.54,0~30점,관찰,최근 프랜차이즈 비율,최근 외부유입 규모,버스 승하차 증가율,11.3019,14.0579,0.313,0.4042,0.1919,0.1761,0.0619897792943468,-0.0404040404040403,-0.0020989747315734,11.301891307731886,-0.844178905294946,0.3129773284680505,-0.3287671232876712,14.0579145896396,0.9089692855936254,1.083658701288584
수정구,양지동,3,활력 정체형,0,0,0.1048,10.48,10.48,0~30점,관찰,부동산 거래량 증가율,최근 프랜차이즈 비율,버스 승하차 증가율,-0.5,6.3346,0.1298,0.3255,0.3169,0.0435,0.0511648283605746,-0.5,-0.0009474182851729,6.334613410481186,-1.090087076573144,0.1297758378963092,-0.6,12.484097448807011,1.0707314036156392,0.9060937341482092
수정구,신촌동,3,활력 정체형,0,0,0.0991,9.91,9.91,0~30점,관찰,부동산 거래량 증가율,신규기업 증가율,버스 승하차 증가율,-0.3036,0.6,-0.0254,0.2602,0.0278,0.0197,0.0517953229141249,-0.3035714285714285,0.0070493454179254,4.086214965546992,0.313007947252284,-0.0254110982706073,0.6,12.673877155359351,0.7165987350797356,1.2231464617750702
분당구,이매1동,3,활력 정체형,0,0,0.0893,8.93,8.93,0~30점,관찰,최근 프랜차이즈 비율,최근 외부유입 규모,신규기업 증가율,6.5799,13.8018,0.35,0.3519,0.1095,0.0399,0.0519339975842112,0.3157894736842105,-0.0002376425855513,6.579874832044975,-0.163023021951167,0.2031427550449893,0.35,13.80175840408176,0.8260690975316085,0.9382194416926768
분당구,금곡동,0,종합 성장형,0,0,0.0788,7.88,7.88,0~30점,관찰,최근 외부유입 규모,공시지가 상승률,상권 활력 균형,14.43,0.0732,0.0016,0.2273,0.1346,0.0466,0.0731631995202392,-0.1875,0.0016317911307352,5.337196971688839,-0.0249385637816512,0.8011770491516466,-0.2105263157894736,14.430001389515423,0.9454559643652336,1.0856836911859398
분당구,야탑3동,0,종합 성장형,0,0,0.0787,7.87,7.87,0~30점,관찰,부동산 거래량 증가율,최근 외부유입 규모,상권 활력 균형,-0.3382,13.99,0.002,0.2915,0.2261,0.029,0.0599622458041999,-0.3382352941176471,0.0020236087689713,4.694968142965378,-0.3448850447149585,0.5235843847586666,-0.4716981132075472,13.990019590895596,0.9153893313294964,0.999865837155747
분당구,정자2동,0,종합 성장형,0,0,0.0768,7.68,7.68,0~30점,관찰,최근 프랜차이즈 비율,최근 폐업률,신규기업 증가율,7.5621,0.6413,0.3333,0.3861,0.0447,0.0278,0.0580110242398622,0.094017094017094,0.0038167938931297,7.562142940698731,-0.7555963282025928,2.4139172927365733,0.3333333333333333,13.248538183454636,0.6412718331755534,0.9170422710687312
분당구,이매2동,0,종합 성장형,0,0,0.066,6.6,6.60,0~30점,관찰,공시지가 상승률,상권 활력 균형,최근 폐업률,0.069,0.0036,1.06,0.0255,0.0226,0.0127,0.0690431273286413,0.1894317048853439,0.0035685963521015,5.397662262678589,-0.7815156471362856,1.7774739694788404,-0.2,12.168608159307178,1.0599785997284186,1.1667688586434657
분당구,분당동,0,종합 성장형,0,0,0.0657,6.57,6.57,0~30점,관찰,최근 프랜차이즈 비율,신규기업 증가율,해당 없음,7.1014,0.4,,0.3276,0.0278,,0.0551118512425668,10.875,-0.0058721934369602,7.10137760313292,-0.4798329331987325,1.2557157379915245,0.4,13.600741483254268,0.8293136146546026,0.956149854446242
분당구,야탑2동,3,활력 정체형,0,0,0.0621,6.21,6.21,0~30점,관찰,부동산 거래량 증가율,버스 승하차 증가율,해당 없음,-0.3382,0.4444,,0.321,0.1475,,0.0599622458041999,-0.3382352941176471,0.0034461538461538,3.8401672622009553,-0.6271196282511915,0.4444376746763941,-0.2142857142857142,12.72410224077028,0.7843416581294971,1.0491284018871654
수정구,신흥3동,3,활력 정체형,0,0,0.0608,6.08,6.08,0~30점,관찰,최근 프랜차이즈 비율,버스 승하차 증가율,최근 폐업률,5.9207,0.1124,0.9908,0.0397,0.0138,0.0069,0.0537558136144637,0.8666666666666668,-0.0003381234150464,5.920699866973566,-0.1937758914125025,0.1124413463685908,0.0,12.97206480949135,0.9907974085472134,1.1606796950230038
중원구,상대원3동,3,활력 정체형,0,0,0.0559,5.59,5.59,0~30점,관찰,버스 승하차 증가율,해당 없음,해당 없음,0.4505,,,0.1595,,,0.0374198964456257,1.585365853658537,-0.0021923814743765,4.405723673871502,-1.034577166061581,,-1.0,11.584408659693286,1.1551661732911385,1.15786128207271
분당구,수내2동,3,활력 정체형,0,0,0.0552,5.52,5.52,0~30점,관찰,버스 승하차 증가율,상권 활력 균형,해당 없음,0.2064,0.0056,,0.0197,0.0103,,0.0619897792943468,-0.0404040404040403,0.0056031641397495,2.897885214388422,-0.1309834420183966,0.2063726158017884,-0.1428571428571428,11.721932383283232,0.9717456237976404,1.202577245294583
분당구,정자3동,0,종합 성장형,0,0,0.0505,5.05,5.05,0~30점,관찰,최근 외부유입 규모,최근 폐업률,상권 활력 균형,13.9239,0.6865,0.0036,0.1503,0.0051,0.0028,0.0580110242398622,0.094017094017094,0.0036376864314296,4.805429286367279,-0.8631466146263884,0.6652389376089929,-0.2857142857142857,13.923948429950206,0.6864867990081736,0.7405689538483329
수정구,수진2동,3,활력 정체형,0,0,0.0488,4.88,4.88,0~30점,관찰,버스 승하차 증가율,최근 폐업률,해당 없음,0.5755,1.0555,,0.0336,0.0173,,0.0555360027869747,1.6923076923076923,0.0007852375343541,4.35157229140582,-0.5550469003871363,0.5755395922274517,0.0,13.480182881084597,1.0555002447281867,1.1252579290424518
분당구,서현2동,0,종합 성장형,0,0,0.0438,4.38,4.38,0~30점,관찰,공시지가 상승률,상권 활력 균형,해당 없음,0.0712,0.0018,,0.1346,0.023,,0.0711531708351285,0.0727272727272727,0.0017528483786152,4.662024409926127,-0.4450614888783475,1.043105105683872,0.2222222222222222,13.418118230848815,0.8392242945568966,1.0351042080001094
중원구,은행1동,3,활력 정체형,0,0,0.0437,4.37,4.37,0~30점,관찰,버스 승하차 증가율,해당 없음,해당 없음,0.4505,,,0.1363,,,0.0395633649646591,1.3333333333333333,-0.0053022269353128,3.810762490678389,0.1350255932764961,,-0.6,10.873286538961452,1.271478233587486,0.3835472632951832
중원구,은행2동,3,활력 정체형,0,0,0.0437,4.37,4.37,0~30점,관찰,버스 승하차 증가율,신규기업 증가율,해당 없음,0.3838,0.3333,,0.1363,0.0278,,0.0395633649646591,1.3333333333333333,-0.0006744604316546,5.120453171444598,0.2403296571399913,0.3838475393413795,0.3333333333333333,13.3569207782047,0.8788194400981537,0.9131306255834172
수정구,태평1동,3,활력 정체형,0,0,0.0396,3.96,3.96,0~30점,관찰,신규기업 증가율,해당 없음,해당 없음,1.75,,,0.0278,,,0.0468774191123528,0.4838709677419355,-0.0026787554090253,5.300564899949892,-0.921822768892933,0.618592231679696,1.75,13.511190217346906,0.9259697976811606,0.9028018991713892
수정구,태평4동,0,종합 성장형,0,0,0.0377,3.77,3.77,0~30점,관찰,프랜차이즈 변화율,해당 없음,해당 없음,0.5445,,,0.1179,,,0.0468774191123528,0.4838709677419355,-0.0028116213683223,4.775969952486954,0.5445027807373943,1.8741302385416825,-1.0,12.303686748808866,0.9017181149204349,0.9942680993613796
중원구,하대원동,3,활력 정체형,0,0,0.036,3.6,3.60,0~30점,관찰,버스 승하차 증가율,해당 없음,해당 없음,0.4443,,,0.1363,,,0.039455721561271,1.0,-0.0025125628140703,2.8084646265192843,0.1804082963077422,0.4442751402502597,-0.375,13.166321074466648,0.850936569076336,0.9294192182191766
분당구,구미1동,0,종합 성장형,0,0,0.0353,3.53,3.53,0~30점,관찰,최근 외부유입 규모,해당 없음,해당 없음,14.176,,,0.249,,,0.062586592954481,3.360544217687075,0.0011862396204033,4.811550695360937,-0.1173809311143543,1.3047789305070734,-0.2127659574468085,14.176014668029907,0.9781885869955096,0.9892701730691772
분당구,정자동,0,종합 성장형,0,0,0.035,3.5,3.50,0~30점,관찰,최근 외부유입 규모,해당 없음,해당 없음,13.8692,,,0.1078,,,0.0580110242398622,0.094017094017094,0.0010327911179963,4.70477336060935,-0.5286754750813483,16.32290975290615,-0.2916666666666667,13.86920745014487,0.8945595822392901,1.0063427275325467
중원구,상대원2동,3,활력 정체형,0,0,0.0345,3.45,3.45,0~30점,관찰,최근 폐업률,버스 승하차 증가율,해당 없음,0.7038,0.1683,,0.0694,0.0272,,0.0374198964456257,1.585365853658537,-0.0029041626331074,3.4868011779677937,0.0440561807236856,0.1682751290854214,0.1428571428571428,12.629906943923682,0.7037804738985869,0.590702251434542
수정구,신흥1동,3,활력 정체형,0,0,0.0327,3.27,3.27,0~30점,관찰,신규기업 증가율,버스 승하차 증가율,해당 없음,1.0,0.0434,,0.0278,0.0272,,0.0537558136144637,0.8666666666666668,-0.0041785375118708,5.055550293257857,0.0411312417719518,0.0433893306136563,1.0,12.246708306691438,1.129590210016702,0.990485276270007
수정구,수진1동,3,활력 정체형,0,0,0.0294,2.94,2.94,0~30점,관찰,버스 승하차 증가율,신규기업 증가율,해당 없음,0.3373,2.5,,0.1363,0.0278,,0.0555360027869747,1.6923076923076923,0.0011874134177716,2.874117673432698,-0.4365125015491138,0.3372691623365702,2.5,12.567386612542984,1.0694993622328552,0.8189076698326124
수정구,태평2동,0,종합 성장형,0,0,0.0198,1.98,1.98,0~30점,관찰,최근 개업률,최근 프랜차이즈 비율,최근 외부유입 규모,0.9934,4.2173,12.7846,-1.8507,-0.5534,-0.4413,0.0468774191123528,0.4838709677419355,-0.0012004801920768,4.217315917322527,-0.0226372275069524,0.9950421663140732,-0.6666666666666666,12.784623632834212,1.0243913826691675,0.993373507267404
