행정동,period,avg_land_price,land_price_growth_rate,transaction_count,transaction_growth_rate,transaction_log_growth,transaction_new_activity_flag,z_land_price_growth,z_transaction_growth,z_transaction_log_growth,real_estate_pressure_index,real_estate_pressure_index_100,real_estate_pressure_level,kmeans_land_feature,kmeans_transaction_feature,real_estate_cluster,real_estate_cluster_name
고등동,2023,2973713.3928571427,,102.0,,,0.0,,,,,,,,,,
고등동,2024,3052398.245614035,2.6460133295257466,35.0,-65.68627450980392,-1.051210049773526,0.0,-0.11086645582535408,-0.9407900961311076,-1.6723565388569315,-0.5258282759782309,14.599108974043357,하,-0.11086645582535408,-0.9407900961311076,0,상승-거래정체형
고등동,2025,3083883.9285714286,1.0315063901846717,44.0,25.71428571428571,0.2231435513142097,0.0,-1.6400929067468124,-0.19260830147921487,0.11326745506209095,-0.9163506041130136,6.495705340210517,하,-1.6400929067468124,-0.19260830147921487,1,하락-거래위축형
구미1동,2023,4982715.116279069,,73.5,,,0.0,,,,,,,,,,
구미1동,2024,5108031.395348838,2.515019946862834,307.0,317.687074829932,1.4193006575880602,0.0,-0.23494058693163344,2.197406867076484,1.7893225371336827,0.9812331400724252,45.87088545238919,상,-0.23494058693163344,2.197406867076484,2,상승-거래정체형
구미1동,2025,5294566.279069767,3.651795951974389,320.5,4.397394136807818,0.042897760704099674,0.0,0.8417893381183643,-0.36710296713262863,-0.1392929082794475,0.23734318549286784,30.435044459883258,중상,0.8417893381183643,-0.36710296713262863,0,상승-거래정체형
구미동,2023,6149518.181818182,,69.5,,,0.0,,,,,,,,,,
구미동,2024,6292594.545454546,2.326627215435957,71.0,2.158273381294964,0.021053409197832273,0.0,-0.41338215385168803,-0.3854318414983284,-0.16990120894882096,-0.3994069976750082,17.22237164608847,중하,-0.41338215385168803,-0.3854318414983284,0,상승-거래정체형
구미동,2025,6501921.818181818,3.3265653970742477,47.5,-33.098591549295776,-0.3951023210726179,0.0,0.5337379107245976,-0.674035591988431,-0.7530185294033095,-0.07014884063191668,24.0545334817396,중하,0.5337379107245976,-0.674035591988431,0,상승-거래정체형
금곡동,2023,3967212.8834355827,,176.0,,,0.0,,,,,,,,,,
금곡동,2024,4095909.8159509203,3.244013777347053,174.0,-1.1363636363636365,-0.01136375865031436,0.0,0.45554678167020185,-0.41240090416659736,-0.21532413762037866,0.021572938751802245,25.95777574680957,중하,0.45554678167020185,-0.41240090416659736,0,상승-거래정체형
금곡동,2025,4257466.871165644,3.9443508884293244,143.0,-17.81609195402299,-0.19497267434751375,0.0,1.1188911184037578,-0.5489369279766929,-0.47259691111631374,0.2849770952135324,31.423456054599754,중상,1.1188911184037578,-0.5489369279766929,0,상승-거래정체형
금광1동,2023,5040702.950819672,,9.0,,,0.0,,,,,,,,,,
금광1동,2024,5070308.196721312,0.5873237560413166,21.5,138.88888888888889,0.8109302162163283,0.0,-2.060813200119606,0.7338102839713514,0.9368740044993875,-0.6635014580741272,11.742367416126143,하,-2.060813200119606,0.7338102839713514,1,하락-거래위축형
금광1동,2025,5205786.229508197,2.6719881224279707,11.5,-46.51162790697674,-0.5877866649021186,0.0,-0.08626368739160592,-0.7838313042818431,-1.023007790861685,-0.43504749583672453,16.48282534743077,중하,-0.08626368739160592,-0.7838313042818431,0,상승-거래정체형
금광2동,2023,5040702.950819672,,9.0,,,0.0,,,,,,,,,,
금광2동,2024,5070308.196721312,0.5873237560413166,21.5,138.88888888888889,0.8109302162163283,0.0,-2.060813200119606,0.7338102839713514,0.9368740044993875,-0.6635014580741272,11.742367416126143,하,-2.060813200119606,0.7338102839713514,1,하락-거래위축형
금광2동,2025,5205786.229508197,2.6719881224279707,11.5,-46.51162790697674,-0.5877866649021186,0.0,-0.08626368739160592,-0.7838313042818431,-1.023007790861685,-0.43504749583672453,16.48282534743077,중하,-0.08626368739160592,-0.7838313042818431,0,상승-거래정체형
단대동,2023,4729877.868852459,,,,,,,,,,,,,,,
단대동,2024,4814909.016393443,1.797745098260087,3.0,,,0.0,-0.9143279864752183,,,,,,-0.9143279864752183,,,
단대동,2025,4993459.016393443,3.7082736016835685,8.0,166.66666666666669,0.810930216216329,0.0,0.8952837602955788,0.961192124720088,0.9368740044993885,0.9282379425078333,44.7712262380961,상,0.8952837602955788,0.961192124720088,2,상승-거래정체형
도촌동,2023,3533163.01369863,,79.0,,,0.0,,,,,,,,,,
도촌동,2024,3566998.6301369863,0.9576579486191327,138.0,74.68354430379746,0.5524472984568103,0.0,-1.7100405715412668,0.20824162421541112,0.5746877952905541,-0.7508994736629279,9.928843973062897,하,-1.7100405715412668,0.20824162421541112,1,하락-거래위축형
도촌동,2025,3686912.328767123,3.3617534253309134,50.0,-63.76811594202898,-1.0026483004063658,0.0,0.5670672586850507,-0.9250885367955171,-1.6043118260059077,-0.17901063905523318,21.79563295448314,중하,0.5670672586850507,-0.9250885367955171,0,상승-거래정체형
백현동,2023,6237614.75409836,,11.666666666666666,,,0.0,,,,,,,,,,
백현동,2024,6474822.950819672,3.802867058525159,18.0,54.28571428571429,0.40546510810816416,0.0,0.9848806599814328,0.041270163290914125,0.3687363815374995,0.5130754116361734,36.156534275757046,상,0.9848806599814328,0.041270163290914125,0,상승-거래정체형
백현동,2025,6783124.590163934,4.761545476779916,46.333333333333336,157.40740740740742,0.912775789766711,0.0,1.8929203589133246,0.8853981778038424,1.0795800004260923,1.3891592683585836,54.335420850602176,상,1.8929203589133246,0.8853981778038424,2,상승-거래정체형
복정동,2023,5110309.756097561,,6.5,,,0.0,,,,,,,,,,
복정동,2024,5294512.195121951,3.604525905784918,5.0,-23.076923076923077,-0.2231435513142097,0.0,0.7970161611144175,-0.5920007567020504,-0.5120699379108681,0.10250770220618355,27.63718562693627,중상,0.7970161611144175,-0.5920007567020504,0,상승-거래정체형
복정동,2025,5454171.084337349,3.0155542820828303,22.0,340.0,1.3437347467010947,0.0,0.23915483276671717,2.380054810992203,1.6834395989233306,1.30960482187946,52.68465277860606,상,0.23915483276671717,2.380054810992203,2,상승-거래정체형
분당동,2023,4635062.5,,8.0,,,0.0,,,,,,,,,,
분당동,2024,4728656.25,2.01925540378366,10.0,25.0,0.2006706954621511,0.0,-0.7045181615037688,-0.1984552630984681,0.08177849423750687,-0.4514867123011184,16.14170885590725,중하,-0.7045181615037688,-0.1984552630984681,1,하락-거래위축형
분당동,2025,4890509.375,3.4228143566155818,95.0,850.0,2.1664529186694654,0.0,0.6249028671690389,6.554785407139004,2.836232125931522,3.5898441371540217,100.0,상,0.6249028671690389,6.554785407139004,3,상승-거래활성형
산성동,2023,5743156.666666667,,34.0,,,0.0,,,,,,,,,,
산성동,2024,5847256.666666667,1.8125920298186766,55.0,61.76470588235294,0.47000362924573613,0.0,-0.9002652903658526,0.10249129083368312,0.4591677435840563,-0.3988869997660847,17.23316168968183,중하,-0.9002652903658526,0.10249129083368312,1,하락-거래위축형
산성동,2025,6145406.666666667,5.09897233859525,1.0,-98.18181818181819,-3.3322045101752042,0.0,2.2125238674309307,-1.2067903714369559,-4.868485490046826,0.5028667479969874,35.94470279757891,상,2.2125238674309307,-1.2067903714369559,0,상승-거래정체형
삼평동,2023,8030904.109589041,,38.0,,,0.0,,,,,,,,,,
삼평동,2024,8259884.931506849,2.8512458721104705,56.0,47.368421052631575,0.37948962170490397,0.0,0.08352542014794714,-0.015353043969222432,0.33233953553197276,0.034086188089362354,26.217427763730978,중상,0.08352542014794714,-0.015353043969222432,0,상승-거래정체형
삼평동,2025,8648802.739726027,4.708513634804697,33.5,-40.17857142857143,-0.502091943797236,0.0,1.842689732142101,-0.7319905108553247,-0.9029323659353012,0.5553496106433882,37.033730976618166,상,1.842689732142101,-0.7319905108553247,0,상승-거래정체형
상대원1동,2023,3946620.5955334986,,13.666666666666666,,,0.0,,,,,,,,,,
상대원1동,2024,3991149.627791563,1.128282569357167,40.666666666666664,197.5609756097561,1.04412410338404,0.0,-1.5484285791409529,1.2140850988211216,1.2636252294392254,-0.16717174015991565,22.04129208692533,중하,-1.5484285791409529,1.2140850988211216,1,하락-거래위축형
상대원1동,2025,4094302.729528536,2.5845460921506747,35.333333333333336,-13.114754098360645,-0.13696585507315762,0.0,-0.16908690875037594,-0.5104529691750129,-0.3913177683267422,-0.3397699389626944,18.459850590221144,중하,-0.16908690875037594,-0.5104529691750129,0,상승-거래정체형
상대원2동,2023,3946620.5955334986,,13.666666666666666,,,0.0,,,,,,,,,,
상대원2동,2024,3991149.627791563,1.128282569357167,40.666666666666664,197.5609756097561,1.04412410338404,0.0,-1.5484285791409529,1.2140850988211216,1.2636252294392254,-0.16717174015991565,22.04129208692533,중하,-1.5484285791409529,1.2140850988211216,1,하락-거래위축형
상대원2동,2025,4094302.729528536,2.5845460921506747,35.333333333333336,-13.114754098360645,-0.13696585507315762,0.0,-0.16908690875037594,-0.5104529691750129,-0.3913177683267422,-0.3397699389626944,18.459850590221144,중하,-0.16908690875037594,-0.5104529691750129,0,상승-거래정체형
상대원3동,2023,3946620.5955334986,,13.666666666666666,,,0.0,,,,,,,,,,
상대원3동,2024,3991149.627791563,1.128282569357167,40.666666666666664,197.5609756097561,1.04412410338404,0.0,-1.5484285791409529,1.2140850988211216,1.2636252294392254,-0.16717174015991565,22.04129208692533,중하,-1.5484285791409529,1.2140850988211216,1,하락-거래위축형
상대원3동,2025,4094302.729528536,2.5845460921506747,35.333333333333336,-13.114754098360645,-0.13696585507315762,0.0,-0.16908690875037594,-0.5104529691750129,-0.3913177683267422,-0.3397699389626944,18.459850590221144,중하,-0.16908690875037594,-0.5104529691750129,0,상승-거래정체형
서현1동,2023,5725533.9506172845,,121.0,,,0.0,,,,,,,,,,
서현1동,2024,5924327.160493827,3.4720466526115086,43.0,-64.46280991735537,-1.0198314108149957,0.0,0.6715346452320634,-0.9307751254107209,-1.6283887966439001,-0.12962024008932876,22.82049199485696,중하,0.6715346452320634,-0.9307751254107209,0,상승-거래정체형
서현1동,2025,6128232.923076923,3.441838322887267,76.0,76.74418604651163,0.5596157879354231,0.0,0.6429219612436496,0.22510951466836426,0.5847322812183543,0.43401573795600695,34.51603282210293,상,0.6429219612436496,0.22510951466836426,2,상승-거래정체형
서현2동,2023,7418502.6455026455,,55.0,,,0.0,,,,,,,,,,
서현2동,2024,7695148.148148148,3.729128583828368,31.0,-43.63636363636363,-0.5596157879354231,0.0,0.915037153453702,-0.7602951205121641,-0.9835347640671314,0.07737101647076894,27.115595193160683,중상,0.915037153453702,-0.7602951205121641,0,상승-거래정체형
서현2동,2025,7946352.631578947,3.264452855157206,59.0,90.32258064516128,0.6286086594223739,0.0,0.47490623913557745,0.336258807565496,0.681405078023979,0.4055825233505367,33.926038862843335,상,0.47490623913557745,0.336258807565496,2,상승-거래정체형
성남동,2023,6067421.173469388,,110.0,,,0.0,,,,,,,,,,
성남동,2024,6123405.867346939,0.9227098676180805,68.0,-38.18181818181819,-0.47542369671507423,0.0,-1.7431426465918494,-0.7156455954196851,-0.8655648238143209,-1.2293941210057673,0.0,하,-1.7431426465918494,-0.7156455954196851,1,하락-거래위축형
성남동,2025,6311002.040816327,3.0635920194306325,87.0,27.941176470588236,0.24323030988094718,0.0,0.2846551504207609,-0.17437953878389598,0.14141301687963512,0.05513780581843246,26.65425235304084,중상,0.2846551504207609,-0.17437953878389598,0,상승-거래정체형
수내1동,2023,8075704.04040404,,33.0,,,0.0,,,,,,,,,,
수내1동,2024,8317791.919191918,2.9977309418061084,27.0,-18.181818181818183,-0.19415601444095776,0.0,0.22227294596227845,-0.5519306700805948,-0.4714526074295086,-0.1648288620591582,22.089907199423465,중하,0.22227294596227845,-0.5519306700805948,0,상승-거래정체형
수내1동,2025,8576315.151515152,3.1080752540435004,31.666666666666668,17.283950617283956,0.1541506798272585,0.0,0.32678871908805035,-0.2616168855286726,0.01659465825646556,0.03258591677968886,26.186296883095782,중하,0.32678871908805035,-0.2616168855286726,0,상승-거래정체형
수내2동,2023,8075704.04040404,,33.0,,,0.0,,,,,,,,,,
수내2동,2024,8317791.919191918,2.9977309418061084,27.0,-18.181818181818183,-0.19415601444095776,0.0,0.22227294596227845,-0.5519306700805948,-0.4714526074295086,-0.1648288620591582,22.089907199423465,중하,0.22227294596227845,-0.5519306700805948,0,상승-거래정체형
수내2동,2025,8576315.151515152,3.1080752540435004,31.666666666666668,17.283950617283956,0.1541506798272585,0.0,0.32678871908805035,-0.2616168855286726,0.01659465825646556,0.03258591677968886,26.186296883095782,중하,0.32678871908805035,-0.2616168855286726,0,상승-거래정체형
수내3동,2023,8075704.04040404,,33.0,,,0.0,,,,,,,,,,
수내3동,2024,8317791.919191918,2.9977309418061084,27.0,-18.181818181818183,-0.19415601444095776,0.0,0.22227294596227845,-0.5519306700805948,-0.4714526074295086,-0.1648288620591582,22.089907199423465,중하,0.22227294596227845,-0.5519306700805948,0,상승-거래정체형
수내3동,2025,8576315.151515152,3.1080752540435004,31.666666666666668,17.283950617283956,0.1541506798272585,0.0,0.32678871908805035,-0.2616168855286726,0.01659465825646556,0.03258591677968886,26.186296883095782,중상,0.32678871908805035,-0.2616168855286726,0,상승-거래정체형
수진1동,2023,5178712.647058823,,6.5,,,0.0,,,,,,,,,,
수진1동,2024,5256466.470588235,1.5014122008405164,9.0,38.46153846153847,0.28768207245178123,0.0,-1.1950081706044668,-0.08826252488946498,0.20369881710864718,-0.641635347746966,12.196092863091506,하,-1.1950081706044668,-0.08826252488946498,1,하락-거래위축형
수진1동,2025,5466317.647058823,3.9922479796033814,17.5,94.44444444444444,0.615185639090233,0.0,1.1642582190093818,0.36999933877337304,0.6625967447988247,0.7671287788913774,41.42818414334864,상,1.1642582190093818,0.36999933877337304,2,상승-거래정체형
수진2동,2023,5178712.647058823,,6.5,,,0.0,,,,,,,,,,
수진2동,2024,5256466.470588235,1.5014122008405164,9.0,38.46153846153847,0.28768207245178123,0.0,-1.1950081706044668,-0.08826252488946498,0.20369881710864718,-0.641635347746966,12.196092863091506,하,-1.1950081706044668,-0.08826252488946498,1,하락-거래위축형
수진2동,2025,5466317.647058823,3.9922479796033814,17.5,94.44444444444444,0.615185639090233,0.0,1.1642582190093818,0.36999933877337304,0.6625967447988247,0.7671287788913774,41.42818414334864,상,1.1642582190093818,0.36999933877337304,2,상승-거래정체형
시흥동,2023,2780498.245614035,,95.0,,,0.0,,,,,,,,,,
시흥동,2024,2892978.1659388645,4.0453152776577195,563.0,492.63157894736844,1.7707060600302231,0.0,1.214522429020611,3.6294581885799975,2.28171171205178,2.421990308800304,75.76683770767418,상,1.214522429020611,3.6294581885799975,3,상승-거래활성형
시흥동,2025,3014821.3973799124,4.211688593975473,332.0,-41.03019538188277,-0.5269117615176153,0.0,1.3721076767770983,-0.7389616884519921,-0.9377098892289751,0.31657299416255313,32.0790762430294,중상,1.3721076767770983,-0.7389616884519921,0,상승-거래정체형
신촌동,2023,2748317.6470588236,,56.0,,,0.0,,,,,,,,,,
신촌동,2024,2813795.588235294,2.3824735560150088,21.0,-62.5,-0.9520088144762342,0.0,-0.36048569418363025,-0.9147080614569879,-1.5333557891262015,-0.637596877820309,12.279891789608971,하,-0.36048569418363025,-0.9147080614569879,0,상승-거래정체형
신촌동,2025,2890667.6470588236,2.7319702662459884,39.0,85.71428571428571,0.5978370007556202,0.0,-0.02944988332897133,0.2985364745380559,0.6382878364662657,0.13454329560454228,28.30192954874003,중상,-0.02944988332897133,0.2985364745380559,2,상승-거래정체형
신흥1동,2023,5512955.158730159,,10.0,,,0.0,,,,,,,,,,
신흥1동,2024,5573509.145129224,1.0983943212956147,14.666666666666666,46.666666666666664,0.3536400402435782,0.0,-1.5767380886225792,-0.021097427314453656,0.2961191075042186,-0.7989177579685165,8.932456541412563,하,-1.5767380886225792,-0.021097427314453656,1,하락-거래위축형
신흥1동,2025,5809308.548707753,4.230717083950564,18.666666666666668,27.272727272727288,0.22738984219566083,0.0,1.3901310556068476,-0.17985129430993496,0.11921735693909491,0.6051398806484563,38.06688740794348,상,1.3901310556068476,-0.17985129430993496,0,상승-거래정체형
신흥2동,2023,5512955.158730159,,10.0,,,0.0,,,,,,,,,,
신흥2동,2024,5573509.145129224,1.0983943212956147,14.666666666666666,46.666666666666664,0.3536400402435782,0.0,-1.5767380886225792,-0.021097427314453656,0.2961191075042186,-0.7989177579685165,8.932456541412563,하,-1.5767380886225792,-0.021097427314453656,1,하락-거래위축형
신흥2동,2025,5809308.548707753,4.230717083950564,18.666666666666668,27.272727272727288,0.22738984219566083,0.0,1.3901310556068476,-0.17985129430993496,0.11921735693909491,0.6051398806484563,38.06688740794348,상,1.3901310556068476,-0.17985129430993496,0,상승-거래정체형
신흥3동,2023,5512955.158730159,,10.0,,,0.0,,,,,,,,,,
신흥3동,2024,5573509.145129224,1.0983943212956147,14.666666666666666,46.666666666666664,0.3536400402435782,0.0,-1.5767380886225792,-0.021097427314453656,0.2961191075042186,-0.7989177579685165,8.932456541412563,하,-1.5767380886225792,-0.021097427314453656,1,하락-거래위축형
신흥3동,2025,5809308.548707753,4.230717083950564,18.666666666666668,27.272727272727288,0.22738984219566083,0.0,1.3901310556068476,-0.17985129430993496,0.11921735693909491,0.6051398806484563,38.06688740794348,상,1.3901310556068476,-0.17985129430993496,0,상승-거래정체형
야탑1동,2023,5402679.3721973095,,34.0,,,0.0,,,,,,,,,,
야탑1동,2024,5567909.417040358,3.0582981787395704,91.5,169.11764705882354,0.9718605830289664,0.0,0.2796409377131708,0.9812552283155647,1.162369600137487,0.6304480830143677,38.59203684049251,상,0.2796409377131708,0.9812552283155647,2,상승-거래정체형
야탑1동,2025,5726636.160714285,2.8507422047519393,22.5,-75.40983606557377,-1.3702082233682664,0.0,0.08304835719555992,-1.0203847038377531,-2.119336711629165,-0.4686681733210966,15.78519066569561,하,0.08304835719555992,-1.0203847038377531,0,상승-거래정체형
야탑2동,2023,5402679.3721973095,,34.0,,,0.0,,,,,,,,,,
야탑2동,2024,5567909.417040358,3.0582981787395704,91.5,169.11764705882354,0.9718605830289664,0.0,0.2796409377131708,0.9812552283155647,1.162369600137487,0.6304480830143677,38.59203684049251,상,0.2796409377131708,0.9812552283155647,2,상승-거래정체형
야탑2동,2025,5726636.160714285,2.8507422047519393,22.5,-75.40983606557377,-1.3702082233682664,0.0,0.08304835719555992,-1.0203847038377531,-2.119336711629165,-0.4686681733210966,15.78519066569561,하,0.08304835719555992,-1.0203847038377531,0,상승-거래정체형
야탑3동,2023,5402679.3721973095,,34.0,,,0.0,,,,,,,,,,
야탑3동,2024,5567909.417040358,3.0582981787395704,91.5,169.11764705882354,0.9718605830289664,0.0,0.2796409377131708,0.9812552283155647,1.162369600137487,0.6304480830143677,38.59203684049251,상,0.2796409377131708,0.9812552283155647,2,상승-거래정체형
야탑3동,2025,5726636.160714285,2.8507422047519393,22.5,-75.40983606557377,-1.3702082233682664,0.0,0.08304835719555992,-1.0203847038377531,-2.119336711629165,-0.4686681733210966,15.78519066569561,하,0.08304835719555992,-1.0203847038377531,0,상승-거래정체형
양지동,2023,3857588.5714285714,,4.0,,,0.0,,,,,,,,,,
양지동,2024,3917020.0,1.5406367856751386,1.0,-75.0,-0.916290731874155,0.0,-1.157855482564614,-1.0170298897939194,-1.4833076194057917,-1.0874426861792665,2.945516017726515,하,-1.157855482564614,-1.0170298897939194,1,하락-거래위축형
양지동,2025,4054961.4285714286,3.52159112211397,2.0,100.0,0.4054651081081645,0.0,0.7184621073654607,0.41547570692312036,0.36873638153749994,0.5669689071442905,37.274833322642024,상,0.7184621073654607,0.41547570692312036,2,상승-거래정체형
운중동,2023,3508879.5081967213,,228.0,,,0.0,,,,,,,,,,
운중동,2024,3615337.704918033,3.033965585669897,349.0,53.07017543859649,0.424211150929219,0.0,0.25659362584665163,0.03132007071078142,0.3950033327382788,0.14395684827871652,28.497262341391142,중상,0.25659362584665163,0.03132007071078142,0,상승-거래정체형
운중동,2025,3731710.655737705,3.21886806483851,374.0,7.163323782234957,0.06899287148695166,0.0,0.4317293004576253,-0.34446176886291463,-0.10272844461876258,0.04363376579735534,26.415541598253007,중상,0.4317293004576253,-0.34446176886291463,0,상승-거래정체형
위례동,2023,5820180.263157895,,83.5,,,0.0,,,,,,,,,,
위례동,2024,6028118.421052632,3.572709924656434,86.0,2.9940119760479043,0.029156584291455623,0.0,0.7668807440913404,-0.3785906974161797,-0.15854704173671397,0.19414502333758038,29.53867536914271,중상,0.7668807440913404,-0.3785906974161797,0,상승-거래정체형
위례동,2025,6238498.039215687,3.489971554445977,134.0,55.81395348837209,0.4393666597838459,0.0,0.6885127289723704,0.05377994163908376,0.41623922851145745,0.37114633530572705,33.2114822005637,상,0.6885127289723704,0.05377994163908376,0,상승-거래정체형
은행1동,2023,4331764.166666667,,3.0,,,0.0,,,,,,,,,,
은행1동,2024,4372036.666666667,0.9297020440286358,3.5,16.666666666666664,0.1177830356563836,0.0,-1.7365198066052379,-0.26666981532308903,-0.03436367699553537,-1.0015948109641635,4.726873788734164,하,-1.7365198066052379,-0.26666981532308903,1,하락-거래위축형
은행1동,2025,4503143.333333333,2.9987549662209156,7.0,100.0,0.5753641449035616,0.0,0.22324287999189102,0.41547570692312036,0.6067988756416817,0.3193592934575057,32.13689241948083,중상,0.22324287999189102,0.41547570692312036,2,상승-거래정체형
은행2동,2023,4331764.166666667,,3.0,,,0.0,,,,,,,,,,
은행2동,2024,4372036.666666667,0.9297020440286358,3.5,16.666666666666664,0.1177830356563836,0.0,-1.7365198066052379,-0.26666981532308903,-0.03436367699553537,-1.0015948109641635,4.726873788734164,하,-1.7365198066052379,-0.26666981532308903,1,하락-거래위축형
은행2동,2025,4503143.333333333,2.9987549662209156,7.0,100.0,0.5753641449035616,0.0,0.22324287999189102,0.41547570692312036,0.6067988756416817,0.3193592934575057,32.13689241948083,상,0.22324287999189102,0.41547570692312036,2,상승-거래정체형
이매1동,2023,3934688.1720430106,,28.5,,,0.0,,,,,,,,,,
이매1동,2024,4002431.5789473685,1.721696966628578,41.0,43.859649122807014,0.3532793549375941,0.0,-0.9863591506655213,-0.04407496069537862,0.29561371533043773,-0.51521705568045,14.819293570225426,하,-0.9863591506655213,-0.04407496069537862,1,하락-거래위축형
이매1동,2025,4139032.2580645164,3.4129422682866575,37.5,-8.536585365853659,-0.08701137698962969,0.0,0.6155522361927575,-0.47297724156340604,-0.3213215642955283,0.07128749731467571,26.989361153044637,중상,0.6155522361927575,-0.47297724156340604,0,상승-거래정체형
이매2동,2023,6175553.658536586,,167.16666666666666,,,0.0,,,,,,,,,,
이매2동,2024,6358436.98169593,2.961407725873136,237.5,42.07377866400798,0.3494137592028421,0.0,0.18786837250785712,-0.05869364313675714,0.2901972434117548,0.06458736468554999,26.850332280218495,중상,0.18786837250785712,-0.05869364313675714,0,상승-거래정체형
이매2동,2025,6601933.196107784,3.8294979585833557,198.83333333333334,-16.280701754385962,-0.17688562452893652,0.0,1.0101048790841771,-0.5363686133816955,-0.4472533407699883,0.2368681328512408,30.425187038104564,중상,1.0101048790841771,-0.5363686133816955,0,상승-거래정체형
정자1동,2023,7535058.536585365,,29.25,,,0.0,,,,,,,,,,
정자1동,2024,7758390.243902439,2.96390142468993,41.0,40.17094017094017,0.32817343380651787,0.0,0.1902303507058751,-0.07426979622800432,0.2604353039987449,0.05798027723893539,26.71323411049369,중상,0.1902303507058751,-0.07426979622800432,0,상승-거래정체형
정자1동,2025,7972175.0,2.755529811942379,32.0,-21.951219512195124,-0.24116205681688818,0.0,-0.007134785404823048,-0.5827860329493811,-0.5373174639763824,-0.2949604091771021,19.389655828833746,중하,-0.007134785404823048,-0.5827860329493811,0,상승-거래정체형
정자2동,2023,7535058.536585365,,29.25,,,0.0,,,,,,,,,,
정자2동,2024,7758390.243902439,2.96390142468993,41.0,40.17094017094017,0.32817343380651787,0.0,0.1902303507058751,-0.07426979622800432,0.2604353039987449,0.05798027723893539,26.71323411049369,중상,0.1902303507058751,-0.07426979622800432,0,상승-거래정체형
정자2동,2025,7972175.0,2.755529811942379,32.0,-21.951219512195124,-0.24116205681688818,0.0,-0.007134785404823048,-0.5827860329493811,-0.5373174639763824,-0.2949604091771021,19.389655828833746,중하,-0.007134785404823048,-0.5827860329493811,0,상승-거래정체형
정자3동,2023,7535058.536585365,,29.25,,,0.0,,,,,,,,,,
정자3동,2024,7758390.243902439,2.96390142468993,41.0,40.17094017094017,0.32817343380651787,0.0,0.1902303507058751,-0.07426979622800432,0.2604353039987449,0.05798027723893539,26.71323411049369,중상,0.1902303507058751,-0.07426979622800432,0,상승-거래정체형
정자3동,2025,7972175.0,2.755529811942379,32.0,-21.951219512195124,-0.24116205681688818,0.0,-0.007134785404823048,-0.5827860329493811,-0.5373174639763824,-0.2949604091771021,19.389655828833746,중하,-0.007134785404823048,-0.5827860329493811,0,상승-거래정체형
정자동,2023,7535058.536585365,,29.25,,,0.0,,,,,,,,,,
정자동,2024,7758390.243902439,2.96390142468993,41.0,40.17094017094017,0.32817343380651787,0.0,0.1902303507058751,-0.07426979622800432,0.2604353039987449,0.05798027723893539,26.71323411049369,중상,0.1902303507058751,-0.07426979622800432,0,상승-거래정체형
정자동,2025,7972175.0,2.755529811942379,32.0,-21.951219512195124,-0.24116205681688818,0.0,-0.007134785404823048,-0.5827860329493811,-0.5373174639763824,-0.2949604091771021,19.389655828833746,중하,-0.007134785404823048,-0.5827860329493811,0,상승-거래정체형
중앙동,2023,5776015.094339622,,13.0,,,0.0,,,,,,,,,,
중앙동,2024,5820633.333333333,0.7724744181751847,30.0,130.76923076923077,0.7949298748698879,0.0,-1.8854424519106887,0.6673448228294131,0.9144543296189525,-0.6090488145406379,12.872268878069674,하,-1.8854424519106887,0.6673448228294131,1,하락-거래위축형
중앙동,2025,6088379.245283019,4.599944655788072,24.0,-20.0,-0.2151113796169457,0.0,1.739855516682166,-0.5668138451114212,-0.5008152606425889,0.5865208357853724,37.68053911251404,상,1.739855516682166,-0.5668138451114212,0,상승-거래정체형
태평1동,2023,4616237.023593467,,7.75,,,0.0,,,,,,,,,,
태평1동,2024,4686147.5499092555,1.5144483690607278,9.75,25.806451612903224,0.20585205420414843,0.0,-1.182660590810759,-0.19185385481866607,0.08903861300118078,-0.6872572228147126,11.249431323988286,하,-1.182660590810759,-0.19185385481866607,1,하락-거래위축형
태평1동,2025,4832634.301270418,3.1259526039464767,11.5,17.94871794871795,0.15082288973458402,0.0,0.3437217626556222,-0.2561752688269935,0.011931759488703179,0.04377324691431436,26.41843585476176,중상,0.3437217626556222,-0.2561752688269935,0,상승-거래정체형
태평2동,2023,4616237.023593467,,7.75,,,0.0,,,,,,,,,,
태평2동,2024,4686147.5499092555,1.5144483690607278,9.75,25.806451612903224,0.20585205420414843,0.0,-1.182660590810759,-0.19185385481866607,0.08903861300118078,-0.6872572228147126,11.249431323988286,하,-1.182660590810759,-0.19185385481866607,1,하락-거래위축형
태평2동,2025,4832634.301270418,3.1259526039464767,11.5,17.94871794871795,0.15082288973458402,0.0,0.3437217626556222,-0.2561752688269935,0.011931759488703179,0.04377324691431436,26.41843585476176,중상,0.3437217626556222,-0.2561752688269935,0,상승-거래정체형
태평3동,2023,4616237.023593467,,7.75,,,0.0,,,,,,,,,,
태평3동,2024,4686147.5499092555,1.5144483690607278,9.75,25.806451612903224,0.20585205420414843,0.0,-1.182660590810759,-0.19185385481866607,0.08903861300118078,-0.6872572228147126,11.249431323988286,하,-1.182660590810759,-0.19185385481866607,1,하락-거래위축형
태평3동,2025,4832634.301270418,3.1259526039464767,11.5,17.94871794871795,0.15082288973458402,0.0,0.3437217626556222,-0.2561752688269935,0.011931759488703179,0.04377324691431436,26.41843585476176,중상,0.3437217626556222,-0.2561752688269935,0,상승-거래정체형
태평4동,2023,4616237.023593467,,7.75,,,0.0,,,,,,,,,,
태평4동,2024,4686147.5499092555,1.5144483690607278,9.75,25.806451612903224,0.20585205420414843,0.0,-1.182660590810759,-0.19185385481866607,0.08903861300118078,-0.6872572228147126,11.249431323988286,하,-1.182660590810759,-0.19185385481866607,1,하락-거래위축형
태평4동,2025,4832634.301270418,3.1259526039464767,11.5,17.94871794871795,0.15082288973458402,0.0,0.3437217626556222,-0.2561752688269935,0.011931759488703179,0.04377324691431436,26.41843585476176,중상,0.3437217626556222,-0.2561752688269935,0,상승-거래정체형
판교동,2023,6244125.0,,28.666666666666664,,,0.0,,,,,,,,,,
판교동,2024,6466970.909090909,3.568889301397861,78.0,172.09302325581396,0.9794237714029914,0.0,0.763261931434889,1.0056109029128644,1.1729671380733169,0.8844364171738767,43.86233726046995,상,0.763261931434889,1.0056109029128644,2,상승-거래정체형
판교동,2025,6744716.363636364,4.294830739922085,73.33333333333334,-5.9829059829059705,-0.060888369675012655,0.0,1.450858139639662,-0.45207347008744325,-0.2847180120204868,0.4993923347761094,35.87260814205954,상,1.450858139639662,-0.45207347008744325,0,상승-거래정체형
하대원동,2023,3580546.706586826,,8.0,,,0.0,,,,,,,,,,
하대원동,2024,3610388.023952096,0.8334290769164696,16.0,100.0,0.6359887667199966,0.0,-1.8277075025074319,0.41547570692312036,0.6917460827946201,-0.7061158977921558,10.858110663601508,하,-1.8277075025074319,0.41547570692312036,1,하락-거래위축형
하대원동,2025,3721819.760479042,3.0864199578461875,16.0,0.0,0.0,0.0,0.3062772855720165,-0.40309891977233087,-0.1994012414243886,-0.04841081710015718,24.505601106274522,중하,0.3062772855720165,-0.40309891977233087,0,상승-거래정체형
